,endTime,artistName,trackName,msPlayed
0,2022-12-01 06:52,Anirudh Ravichander,"Pathala Pathala (From ""Vikram"")",43753
1,2022-12-06 04:17,Anirudh Ravichander,"Jailer Announcement Theme (From ""Jailer"")",1000
2,2022-12-06 04:20,Anirudh Ravichander,"Jailer Announcement Theme (From ""Jailer"")",56990
3,2022-12-06 04:21,Kamal Eleven,Jailer x NTR 30 BGM,25290
4,2022-12-06 04:21,Anirudh Ravichander,VIP Theme,16328
5,2022-12-06 04:23,Anirudh Ravichander,"Petta Theme - From ""Petta""",106500
6,2022-12-06 04:30,Anirudh Ravichander,"Petta Theme - From ""Petta""",99353
7,2022-12-06 04:35,Silambarasan TR,"Thee Thalapathy (From ""Varisu"")",240022
8,2022-12-07 06:15,Yuvan Shankar Raja,Mamakutty,106677
9,2022-12-07 06:16,Yuvan Shankar Raja,Ennai Vittu - Yuvanshankar Raja Version,7828
10,2022-12-07 06:16,Yuvan Shankar Raja,Ennai Vittu,2464
11,2022-12-07 06:17,Yuvan Shankar Raja,Saachitale,44332
12,2022-12-07 12:49,Anirudh Ravichander,"Petta Theme - From ""Petta""",106500
13,2022-12-07 12:57,Anirudh Ravichander,"Petta Theme - From ""Petta""",90001
14,2022-12-08 04:32,Anirudh Ravichander,"Petta Theme - From ""Petta""",11170
15,2022-12-08 04:35,Rajesh Murugesan,Pistah,146933
16,2022-12-08 04:37,Rajesh Murugesan,Pistah,146933
17,2022-12-08 04:47,Rajesh Murugesan,Pistah,2894
18,2022-12-08 06:47,Akshay Verma,Rum Whisky,88056
19,2022-12-08 07:15,Anirudh Ravichander,Rise of Veera,4215
20,2022-12-08 07:15,Anirudh Ravichander,Disguise,2460
21,2022-12-08 07:16,Anirudh Ravichander,The Raw Agent,98500
22,2022-12-08 07:18,Anirudh Ravichander,The Raw Agent,0
23,2022-12-08 07:18,Anirudh Ravichander,The Raw Agent,98500
24,2022-12-08 07:20,Anirudh Ravichander,Rise of Veera,101640
25,2022-12-08 07:22,Anirudh Ravichander,Veeraraghavan,109490
26,2022-12-08 07:25,Anirudh Ravichander,Reverse Hijack,21272
27,2022-12-08 07:25,Kamal Haasan,Vikram Vikram,6559
28,2022-12-08 07:26,S. P. Balasubrahmanyam,Naan Pollathavan,19130
29,2022-12-08 07:30,Silambarasan TR,"Thee Thalapathy (From ""Varisu"")",245924
30,2022-12-09 04:13,Akshay Verma,Rum Whisky,25425
31,2022-12-09 04:26,Akshay Verma,Rum Whisky,154813
32,2022-12-09 10:59,Suresh Wadkar,Haathon Ki Chand Lakeeron Ka,665
33,2022-12-09 10:59,Kishore Kumar,Chingari Koi Bhadke,3247
34,2022-12-09 11:06,Sonu Nigam,Yeh Dil Deewana,245578
35,2022-12-09 11:12,Sukhwinder Singh,Ramta Jogi,367572
36,2022-12-09 11:32,Sukhwinder Singh,Kariye Na,186888
37,2022-12-12 14:39,Yuvan Shankar Raja,Mamakutty,90000
38,2022-12-13 13:00,Srinivas,Baba Theme Music,9774
39,2022-12-13 13:00,Karthik,Maya Maya,7466
40,2022-12-13 13:01,S. P. Balasubrahmanyam,Baba Kichchu,10401
41,2022-12-13 13:05,Karthik,Maya Maya,117521
42,2022-12-13 13:09,Srinivas,Baba Theme Music,119169
43,2022-12-13 13:14,S. P. Balasubrahmanyam,Ranga Ranga,268000
44,2022-12-13 13:14,S. P. Balasubrahmanyam,Ranga Ranga,12447
45,2022-12-14 05:13,Anirudh Ravichander,Wedding Party - Background Score,54863
46,2022-12-14 05:15,Anirudh Ravichander,Marriage At 2AM - Background Score,82427
47,2022-12-14 05:17,Anirudh Ravichander,Pablo Sandhanam - Background Score,45055
48,2022-12-14 05:20,Anirudh Ravichander,Agent Vikram - Background Score,170835
49,2022-12-14 05:21,Anirudh Ravichander,Ghost Unmasked - Background Score,73013
50,2022-12-14 05:22,Anirudh Ravichander,The Dilli Connect - Background Score,80155
51,2022-12-14 10:36,D. Imman,Veera Thamizhan - Madras Gig,264000
52,2022-12-14 10:41,D. Imman,Veera Thamizhan - Madras Gig,261701
53,2022-12-14 11:10,D. Imman,Veera Thamizhan - Madras Gig,228573
54,2022-12-14 11:37,D. Imman,Veera Thamizhan - Madras Gig,264000
55,2022-12-14 11:38,D. Imman,Veera Thamizhan - Madras Gig,2187
56,2022-12-14 11:42,D. Imman,Veera Thamizhan - Madras Gig,264000
57,2022-12-17 10:14,Anirudh Ravichander,"Muthuvel Pandian Theme (From ""Jailer"")",90004
58,2022-12-21 11:22,Anirudh Ravichander,"Muthuvel Pandian Theme (From ""Jailer"")",101464
59,2022-12-21 11:23,Anirudh Ravichander,"Muthuvel Pandian Theme (From ""Jailer"")",54700
60,2022-12-23 05:13,Anirudh Ravichander,"Muthuvel Pandian Theme (From ""Jailer"")",95015
61,2022-12-25 11:31,Anirudh Ravichander,"Muthuvel Pandian Theme (From ""Jailer"")",139050
62,2022-12-25 11:32,Anirudh Ravichander,"Muthuvel Pandian Theme (From ""Jailer"")",1409
63,2022-12-25 11:33,Badshah,"Aashiqui (From ""Cirkus"")",1824
64,2022-12-25 11:37,Vishal-Shekhar,Jhoome Jo Pathaan,208164
65,2022-12-25 11:38,Vishal-Shekhar,Jhoome Jo Pathaan,110399
66,2022-12-26 11:07,Vishal-Shekhar,Jhoome Jo Pathaan,120189
67,2022-12-29 03:25,Imagine Dragons,Bones,165264
68,2022-12-29 03:28,Imagine Dragons,Bones,165264
69,2022-12-29 03:31,Imagine Dragons,Bones,165264
70,2022-12-29 03:35,Imagine Dragons,Bones,165264
71,2022-12-29 03:44,Imagine Dragons,Bones,165264
72,2022-12-29 03:47,Imagine Dragons,Bones,161572
73,2022-12-29 07:57,Imagine Dragons,Bones,3692
74,2022-12-29 08:00,Imagine Dragons,Bones,150030
75,2022-12-30 03:56,Imagine Dragons,Bones,168423
76,2022-12-30 03:58,Imagine Dragons,Bones,122965
77,2022-12-30 13:35,Wadali Brothers,Tu Mane Ya Na Mane,248453
78,2022-12-31 13:49,Arabinda Muduli,Kala Saante Achha Kamante,1548
79,2022-12-31 13:51,Arabinda Muduli,Kalia Rasika Raja,72438
80,2023-01-02 03:18,Sachin-Jigar,"Nadiyon Paar (Let the Music Play Again) (From ""Roohi"")",162732
81,2023-01-02 04:03,Karthik,Maya Maya,180000
82,2023-01-04 09:10,Anirudh Ravichander,Petta Velan Intro,26412
83,2023-01-04 09:12,Anirudh Ravichander,"Petta Theme - From ""Petta""",102023
84,2023-01-04 09:20,Roop Kumar Rathod,Zindagi Maut Na Ban Jaaye,377360
85,2023-01-04 09:20,Aamir Khan,Is Deewane Ladke Ko - Remix,12350
86,2023-01-04 09:23,Jagjit Singh,Hoshwalon Ko Khabar Kya,155625
87,2023-01-05 00:48,Vaibhav Bundhoo,The Relevant Sound,245844
88,2023-01-05 00:50,Vaibhav Bundhoo,The Relevant Sound,124095
89,2023-01-05 03:33,Vaibhav Bundhoo,The Relevant Sound,245844
90,2023-01-05 03:35,Vaibhav Bundhoo,The Relevant Sound,124662
91,2023-01-05 06:18,Tulsi Kumar,"Tera Chehra-Jaan Meri (From ""T-Series Mixtape Rewind Season 3"")",29694
92,2023-01-05 06:23,Tulsi Kumar,"Tera Chehra-Jaan Meri (From ""T-Series Mixtape Rewind Season 3"")",233771
93,2023-01-05 06:23,Dhvani Bhanushali,"Tumse Milna-Is Kadar (From ""T-Series Mixtape Rewind Season 3"")",1921
94,2023-01-05 06:23,Shilpa Rao,"Dil Hai Ki Manta Nahin-Nazar Ke Samne (From ""T-Series Mixtape Rewind Season 3"")",3554
95,2023-01-05 06:28,Shilpa Rao,"Dil Hai Ki Manta Nahin-Nazar Ke Samne (From ""T-Series Mixtape Rewind Season 3"")",277223
96,2023-01-05 06:32,Dhvani Bhanushali,"Tumse Milna-Is Kadar (From ""T-Series Mixtape Rewind Season 3"")",240019
97,2023-01-05 11:34,Santhosh Narayanan,Naan Naan,248500
98,2023-01-05 11:38,Santhosh Narayanan,Naan Naan,264024
99,2023-01-05 11:50,Santhosh Narayanan,Naan Naan,82872
100,2023-01-05 12:25,Santhosh Narayanan,Naan Naan,124835
101,2023-01-05 13:06,Santhosh Narayanan,Naan Naan,304432
102,2023-01-05 13:11,Santhosh Narayanan,Naan Naan,248500
103,2023-01-05 13:14,Santhosh Narayanan,Naan Naan,168050
104,2023-01-05 16:23,Anirudh Ravichander,Rolex Theme - Background Score,53247
105,2023-01-05 16:24,Anirudh Ravichander,Rolex Theme - Background Score,30000
106,2023-01-06 07:54,Santhosh Narayanan,Naan Naan,248500
107,2023-01-06 07:58,Santhosh Narayanan,Naan Naan,248500
108,2023-01-06 08:19,Santhosh Narayanan,Naan Naan,216804
109,2023-01-06 10:39,Santhosh Narayanan,Naan Naan,21249
110,2023-01-06 10:39,KK,Dhage Ishq Ke - Lofi,20195
111,2023-01-06 10:46,Red FM Bauaa,RED FM BAUAA : RJ RAUNAC AND BAUAA MAJE ON GIFT FOR NEIGHBOUR,214897
112,2023-01-06 11:05,Red FM Bauaa,RED FM BAUAA :-RJ RAUNAC AND BAUAA MAJE ON PHONE,125729
113,2023-01-06 13:08,Karthik,Maya Maya,161244
114,2023-01-06 13:08,A.R. Rahman,Urvashi Urvashi,1371
115,2023-01-06 13:10,Mano,Muqabala Muqabala,113508
116,2023-01-06 13:14,A.R. Rahman,Urvashi Urvashi,220962
117,2023-01-06 13:26,Yo Yo Honey Singh,Urvashi,122986
118,2023-01-09 06:18,Santhosh Narayanan,Naan Naan,210007
119,2023-01-09 06:30,Santhosh Narayanan,Naan Naan,2191
120,2023-01-09 06:35,Santhosh Narayanan,Naan Naan,114302
121,2023-01-09 06:41,Anirudh Ravichander,Yen Pecha Naane Kekkamaaten,125131
122,2023-01-09 06:42,Anirudh Ravichander,Yen Pecha Naane Kekkamaaten,65500
123,2023-01-09 06:43,Anirudh Ravichander,Yen Pecha Naane Kekkamaaten,65500
124,2023-01-09 06:44,Anirudh Ravichander,Yen Pecha Naane Kekkamaaten,58218
125,2023-01-09 06:51,Anirudh Ravichander,The Raw Agent,98500
126,2023-01-09 06:53,Anirudh Ravichander,The Raw Agent,98500
127,2023-01-09 06:54,Anirudh Ravichander,The Raw Agent,90013
128,2023-02-01 04:23,Dikz,Arjun - Karm Ki Talwar,1002
129,2023-02-01 04:23,DJ IKitten,Arjun The Warrior Prince,2604
130,2023-02-03 10:43,Red FM Bauaa,RED FM BAUAA :- RJ RAUNAC AND BAUAA MAJE ON I WILL SEE YOU,168319
131,2023-02-03 13:29,Alka Yagnik,Yaad Teri Aati Hai,11974
132,2023-02-03 13:33,Kumar Sanu,Yaad Teri Aati Hai,240001
133,2023-02-05 05:13,Rahul Sipligunj,"Naatu Naatu (From ""Rrr"")",30010
134,2023-02-05 05:29,Yo Yo Honey Singh,Dope Shope,200080
135,2023-02-05 05:31,Yuvan Shankar Raja,Machi Open the Bottle,120010
136,2023-02-06 04:39,Yuvan Shankar Raja,Machi Open the Bottle,202126
137,2023-02-06 04:40,Yuvan Shankar Raja,Vilayaadu Mankatha,9469
138,2023-02-06 04:41,Yuvan Shankar Raja,Machi Open the Bottle,89138
139,2023-02-06 04:55,Yuvan Shankar Raja,Machi Open the Bottle,83020
140,2023-02-06 04:57,Sangeeth halthipur,Dandana Darna,120001
141,2023-02-06 05:52,Anirudh Ravichander,"Natpu (From ""RRR"")",340362
142,2023-02-06 05:56,Rahul Sipligunj,"Naatu Naatu (From ""Rrr"")",41731
143,2023-02-06 05:57,Anirudh Ravichander,"Petta Paraak - From ""Petta""",70180
144,2023-02-06 06:00,Anirudh Ravichander,"Marana Mass - From ""Petta""",216000
145,2023-02-06 06:02,Anirudh Ravichander,"Marana Mass - From ""Petta""",90001
146,2023-02-06 07:05,Sangeeth halthipur,Dandana Darna,4131
147,2023-02-06 07:05,Harris Jayaraj,Yennai Arindhaal,302
148,2023-02-06 07:05,Anirudh Ravichander,Rolex Theme - Background Score,10711
149,2023-02-06 07:05,Bombay Rockers,Ari Ari (Part 1),2007
150,2023-02-06 07:05,T. M. Soundararajan,Ennathaan Nadakkum,2842
151,2023-02-06 07:06,Anirudh Ravichander,Rolex Theme - Background Score,1000
152,2023-02-06 07:20,Sanchit Balhara,Jim’s Theme,38115
153,2023-02-06 07:22,Sanchit Balhara,Pathaan’s Theme,154920
154,2023-02-06 07:50,Darbuka Siva,"Mudhal Nee Mudivum Nee Title Track (From ""Mudhal Nee Mudivum Nee"")",291458
155,2023-02-06 07:58,Vishal Bhardwaj,Mask Kho Gaya,198378
156,2023-02-06 09:27,Anirudh Ravichander,Ethir Neechal,240001
157,2023-02-06 09:38,Karthik,Oru Maalai,354240
158,2023-02-06 09:47,Karthik,Oru Maalai,354240
159,2023-02-06 09:54,Karthik,Oru Maalai,185262
160,2023-02-06 09:54,Harish Raghavendra,Devathaiya Kandein,15536
161,2023-02-06 09:54,Harris Jayaraj,Kannum Kannum,2428
162,2023-02-06 09:57,Harris Jayaraj,Anbe En Anbe,115802
163,2023-02-06 09:59,Karthik,Oru Maalai,138548
164,2023-02-06 10:00,Yuvan Shankar Raja,Enkeyoo Partha,25140
165,2023-02-06 10:02,M. Sounderarajan,Yennathan Nadakkum,2092
166,2023-02-06 10:04,Karthik,Oru Maalai,76430
167,2023-02-06 11:06,Yuvan Shankar Raja,Machi Open the Bottle,150016
168,2023-02-06 12:50,Yuvan Shankar Raja,Machi Open the Bottle,88495
169,2023-02-06 12:54,Sangeeth halthipur,Dandana Darna,227386
170,2023-02-06 12:54,Sangeeth halthipur,Dandana Darna,8381
171,2023-02-06 15:56,Anirudh Ravichander,JD Vs. Bhavani - Background Score,136433
172,2023-02-06 15:58,Anirudh Ravichander,JD Vs. Bhavani - Background Score,106368
173,2023-02-06 15:58,Anirudh Ravichander,JD Intro - Background Score,4011
174,2023-02-06 16:00,Anirudh Ravichander,Jail Chaos - Background Score,2919
175,2023-02-06 16:00,Anirudh Ravichander,I'm Waiting - Background Score,76000
176,2023-02-06 16:01,Anirudh Ravichander,JD Intro - Background Score,80000
177,2023-02-06 16:02,Anirudh Ravichander,JD Intro - Background Score,80000
178,2023-02-06 16:04,Anirudh Ravichander,JD Intro - Background Score,80000
179,2023-02-06 16:04,Anirudh Ravichander,JD Intro - Background Score,7167
180,2023-02-06 16:07,Anirudh Ravichander,Interval Fight - Background Score,127774
181,2023-02-06 16:08,Anirudh Ravichander,Interval Fight - Background Score,15383
182,2023-02-06 16:08,Anirudh Ravichander,"Petta Theme - From ""Petta""",3203
183,2023-02-06 16:08,Anirudh Ravichander,I'm Waiting - Background Score,74093
184,2023-02-06 16:08,Anirudh Ravichander,"Kaali Theme - From ""Petta""",103
185,2023-02-06 16:09,Anirudh Ravichander,"Petta Paraak - From ""Petta""",41529
186,2023-02-06 16:14,Anirudh Ravichander,Singaar Singh - Instrumental,4226
187,2023-02-06 16:14,Nakul Abhyankar,Petta Paraak,237106
188,2023-02-06 16:18,Nakul Abhyankar,Petta Paraak,182603
189,2023-02-06 16:21,S. P. Balasubrahmanyam,Ranga Ranga,0
190,2023-02-06 16:21,Anirudh Ravichander,Mass Marudaan,199782
191,2023-02-06 16:34,S. P. Balasubrahmanyam,Ranga Ranga,277858
192,2023-02-06 16:39,S. P. Balasubrahmanyam,Ranga Ranga,222566
193,2023-02-06 16:52,Yuvan Shankar Raja,Machi Open the Bottle,157683
194,2023-02-06 17:01,Vishal Bhardwaj,Waqt Waqt,191880
195,2023-02-06 17:04,Vishal Bhardwaj,Waqt Waqt,191880
196,2023-02-06 17:07,Vishal Bhardwaj,Waqt Waqt,145503
197,2023-02-06 17:09,Vishal Bhardwaj,Lalkaar,141084
198,2023-02-06 17:10,Vishal Bhardwaj,Waqt Waqt,3230
199,2023-02-06 17:10,Vishal Bhardwaj,Waqt Waqt,5871
200,2023-02-06 17:13,Vishal Bhardwaj,Lalkaar,161680
201,2023-02-06 17:16,Vishal Bhardwaj,Lalkaar,161680
202,2023-02-06 17:19,Vishal Bhardwaj,Lalkaar,161680
203,2023-02-06 17:23,Vishal Bhardwaj,Lalkaar,161680
204,2023-02-06 17:26,Vishal Bhardwaj,Lalkaar,161680
205,2023-02-06 17:26,Vishal Bhardwaj,Lalkaar,3830
206,2023-02-06 17:26,Sukhwinder Singh,Phir Dhan Te Nan,10288
207,2023-02-06 17:31,Jyoti Nooran,Ek Aur Dhan Te Nan,296600
208,2023-02-06 17:33,Jyoti Nooran,Ek Aur Dhan Te Nan,56453
209,2023-02-07 01:53,Vishal Bhardwaj,Waqt Waqt,197852
210,2023-02-07 01:57,Vishal Bhardwaj,Waqt Waqt,191880
211,2023-02-07 02:00,Vishal Bhardwaj,Waqt Waqt,191880
212,2023-02-07 02:00,Vishal Bhardwaj,Waqt Waqt,4485
213,2023-02-07 02:04,Vishal Bhardwaj,Lalkaar,161680
214,2023-02-07 02:07,Vishal Bhardwaj,Lalkaar,161680
215,2023-02-07 02:09,Vishal Bhardwaj,Lalkaar,161680
216,2023-02-07 02:12,Vishal Bhardwaj,Lalkaar,161680
217,2023-02-07 02:23,Vishal Bhardwaj,Lalkaar,79299
218,2023-02-07 03:20,Vishal Bhardwaj,Kal Kahin,5737
219,2023-02-07 03:20,Vishal Bhardwaj,Waqt Waqt,191880
220,2023-02-07 04:01,Vishal Bhardwaj,Lalkaar,161680
221,2023-02-07 04:12,Vishal Bhardwaj,Lalkaar,36057
222,2023-02-07 04:37,Karthik,Oru Maalai,351227
223,2023-02-07 04:43,Sachet Tandon,Maiyya Mainu,264
224,2023-02-07 04:43,Yuvan Shankar Raja,Enkeyoo Partha,38525
225,2023-02-07 04:43,Yuvan Shankar Raja,Enkeyoo Partha,320960
226,2023-02-07 04:44,Sachet Tandon,Maiyya Mainu,16866
227,2023-02-07 04:49,Yuvan Shankar Raja,Enkeyoo Partha,320960
228,2023-02-07 04:55,Yuvan Shankar Raja,Enkeyoo Partha,41783
229,2023-02-07 04:55,Yuvan Shankar Raja,Enkeyoo Partha,320960
230,2023-02-07 04:56,Ankit Tiwari,Musafir,46915
231,2023-02-07 04:56,Jay Krish,"Oo Aadapilla (From ""Ashoka Vanamlo Arjuna Kalyanam"")",13175
232,2023-02-07 05:02,KK,Khwabon Khwabon,319193
233,2023-02-07 05:04,Hiphop Tamizha,"Single Pasanga - From ""Natpe Thunai""",85224
234,2023-02-07 05:17,Pradeep Kumar,Life Of Ram,209452
235,2023-02-07 08:26,Yuvan Shankar Raja,Machi Open the Bottle,154300
236,2023-02-07 08:38,Pradeep Kumar,Life Of Ram,79899
237,2023-02-07 11:51,Karthik,Maya Maya,348020
238,2023-02-07 11:57,Karthik,Maya Maya,396
239,2023-02-07 11:57,Karthik,Maya Maya,348020
240,2023-02-07 12:05,Karthik,Oru Maalai,354240
241,2023-02-07 12:31,Karthik,Oru Maalai,206984
242,2023-02-07 12:51,Karthik,Oru Maalai,354240
243,2023-02-07 12:57,Karthik,Oru Maalai,349673
244,2023-02-08 03:36,Santhosh Narayanan,Naan Naan,12252
245,2023-02-08 03:36,Santhosh Narayanan,Naan Naan,248500
246,2023-02-08 05:54,Santhosh Narayanan,Naan Naan,248500
247,2023-02-08 05:58,Santhosh Narayanan,Naan Naan,248500
248,2023-02-08 06:02,Santhosh Narayanan,Naan Naan,248500
249,2023-02-08 06:26,Santhosh Narayanan,Naan Naan,173582
250,2023-02-08 07:35,Pradeep Kumar,Yaar Arindhadho,24346
251,2023-02-08 07:35,Ilaiyaraaja,"Onnoda Nadandhaa (From ""Viduthalai"")",65866
252,2023-02-08 07:37,A.R. Rahman,"Namma Satham (From ""Pathu Thala"")",91134
253,2023-02-08 07:39,Ilaiyaraaja,"Onnoda Nadandhaa (From ""Viduthalai"")",90002
254,2023-02-08 08:37,Vishal Bhardwaj,Waqt Waqt,189640
255,2023-02-08 08:37,Vishal Bhardwaj,Kudiye,588
256,2023-02-08 10:30,Udit Narayan,Maya Maya,2710
257,2023-02-08 10:30,Udit Narayan,Maya Maya,347692
258,2023-02-08 10:32,S. P. Balasubrahmanyam,Auto Wala,77891
259,2023-02-08 10:51,S. P. Balasubrahmanyam,Naa Autokaran Autokaran,130355
260,2023-02-08 11:33,S. P. Balasubrahmanyam,"Konji Konji (From ""Veera"")",320475
261,2023-02-08 11:37,Ilaiyaraaja,"Onnoda Nadandhaa (From ""Viduthalai"")",252283
262,2023-02-08 11:38,K. J. Yesudas,Ennuyir Nee Thaane,7496
263,2023-02-08 11:39,K. J. Yesudas,Ennuyir Nee Thaane,64139
264,2023-02-08 11:39,P. Susheela,Solla Solla,47066
265,2023-02-08 11:41,S. P. Balasubrahmanyam,Adiye Manam Nilluna,76364
266,2023-02-08 11:43,K. J. Yesudas,Kanavu Kaanum,150015
267,2023-02-08 11:55,K. J. Yesudas,Kanavu Kaanum,17045
268,2023-02-08 11:55,Thaman S,Paatashaala,2930
269,2023-02-08 12:01,Karthik,Oru Maalai,330046
270,2023-02-08 12:14,Karthik,Oru Maalai,121092
271,2023-02-09 01:50,A.R. Rahman,"Namma Satham (From ""Pathu Thala"")",16571
272,2023-02-09 01:50,Ilaiyaraaja,"Onnoda Nadandhaa (From ""Viduthalai"")",315000
273,2023-02-09 01:52,S. P. Balasubrahmanyam,Oruvan Oruvan Mudalali,137432
274,2023-02-09 01:55,Udit Narayan,Maya Maya,109430
275,2023-02-09 01:56,K. J. Yesudas,Kanavu Kaanum,60005
276,2023-02-09 03:26,S. P. Balasubrahmanyam,Oruvan Oruvan Mudalali,296948
277,2023-02-09 03:33,Udit Narayan,Maya Maya,335870
278,2023-02-09 03:46,Ali Azmat,Garaj Baras,1000
279,2023-02-09 04:04,Ali Azmat,Garaj Baras,288531
280,2023-02-09 04:05,Farrukh Fateh Ali Khan,Laal - Alaap - Sufi,1271
281,2023-02-09 04:06,Ali Azmat,Garaj Baras,2725
282,2023-02-09 04:20,Ali Azmat,Garaj Baras,283570
283,2023-02-09 04:30,Ali Azmat,Garaj Baras,291480
284,2023-02-09 05:40,Ali Azmat,Garaj Baras,371789
285,2023-02-09 05:45,Ali Azmat,Garaj Baras,291480
286,2023-02-09 05:50,Harish Raghavendra,Devathaiya Kandein,5579
287,2023-02-09 05:50,Ali Azmat,Garaj Baras,291480
288,2023-02-09 05:54,Karthik,Oru Maalai,193243
289,2023-02-09 05:55,Anirudh Ravichander,"Jalabulajangu (From ""Don"")",2385
290,2023-02-09 05:55,Anirudh Ravichander,"Two Two Two (From ""Kaathuvaakula Rendu Kaadhal"")",1652
291,2023-02-09 05:55,Anirudh Ravichander,Velai Illa Pattadhaari,622
292,2023-02-09 05:55,Jay Krish,"Oo Aadapilla (From ""Ashoka Vanamlo Arjuna Kalyanam"")",73146
293,2023-02-09 06:08,Anirudh Ravichander,"Marana Mass - From ""Petta""",213414
294,2023-02-09 06:19,Ali Azmat,Garaj Baras,16172
295,2023-02-09 07:23,Anirudh Ravichander,Master the Blaster - Background Score,87793
296,2023-02-09 07:24,Anirudh Ravichander,JD Intro - Background Score,96822
297,2023-02-09 07:28,Anirudh Ravichander,JD Intro - Background Score,45049
298,2023-02-09 08:35,Rahat Fateh Ali Khan,Mann Ki Lagan,4689
299,2023-02-09 08:35,Ali Azmat,Garaj Baras,27305
300,2023-02-09 08:35,Ali Azmat,Garaj Baras,291480
301,2023-02-09 13:14,Anirudh Ravichander,Wasted,166596
302,2023-02-09 13:19,Anirudh Ravichander,Pathala Pathala,209330
303,2023-02-09 13:23,Dhanush,"Thaai Kelavi (From ""Thiruchitrambalam"")",175053
304,2023-02-10 02:21,S. P. Balasubrahmanyam,Oruvan Oruvan Mudalali,535
305,2023-02-10 02:23,Ilaiyaraaja,"Onnoda Nadandhaa (From ""Viduthalai"")",99783
306,2023-02-10 03:27,Ilaiyaraaja,"Onnoda Nadandhaa (From ""Viduthalai"")",3301
307,2023-02-10 03:30,Ali Azmat,Garaj Baras,179623
308,2023-02-10 03:32,Karthik,Oru Maalai,65667
309,2023-02-10 03:38,Udit Narayan,Maya Maya,347692
310,2023-02-10 03:39,Udit Narayan,Maya Maya,98652
311,2023-02-10 04:07,Ilaiyaraaja,Vaanam Mella,143664
312,2023-02-10 04:15,Ilaiyaraaja,Pengal Yendral,49770
313,2023-02-10 04:15,Ilaiyaraaja,Yennodu Vaa Vaa,259666
314,2023-02-10 04:16,Yuvan Shankar Raja,Enkeyoo Partha,37917
315,2023-02-10 04:16,Roshan Jamrock,Varlaam Varlaam Vaa,4329
316,2023-02-10 04:19,Yuvan Shankar Raja,Enkeyoo Partha,182698
317,2023-02-10 07:18,Ram Sampath,"Bhaag D.K. Bose, Aandhi Aayi",123323
318,2023-02-10 12:55,A.R. Rahman,"Namma Satham (From ""Pathu Thala"")",25391
319,2023-02-10 12:59,S. P. Balasubrahmanyam,Oruvan Oruvan Mudalali,164610
320,2023-02-10 13:03,Roshan Jamrock,Varlaam Varlaam Vaa,235224
321,2023-02-10 13:10,Harris Jayaraj,Venaam Machan,314360
322,2023-02-10 13:26,Harish Raghavendra,Devathaiya Kandein,1859
323,2023-02-12 11:27,A.R. Rahman,Marakkuma Nenjam,8898
324,2023-02-12 11:27,Nakash Aziz,"Ra Ra Rakkamma (From ""Vikrant Rona"")",6525
325,2023-02-12 11:28,Ayushmann Khurrana,Pani Da Rang - Male Vocals,3275
326,2023-02-12 11:28,Yuvan Shankar Raja,Machi Open the Bottle,0
327,2023-02-12 11:28,Yuvan Shankar Raja,Machi Open the Bottle,268
328,2023-02-12 11:29,Karthik,Oru Maalai,83001
329,2023-02-12 12:34,Vishal Dadlani,Mar Jayian - Romantic,2115
330,2023-02-12 12:50,Karthik,Oru Maalai,354191
331,2023-02-12 16:26,Anirudh Ravichander,JD Intro - Background Score,30008
332,2023-02-13 03:25,Anirudh Ravichander,JD Intro - Background Score,78223
333,2023-02-13 03:26,Anirudh Ravichander,JD Intro - Background Score,69588
334,2023-02-13 03:42,Justin Prabhakaran,Vaada Machaney,201168
335,2023-02-13 07:04,Anirudh Ravichander,Marriage At 2AM - Background Score,80177
336,2023-02-15 04:59,S. P. Balasubrahmanyam,Rakkamma,56771
337,2023-02-15 05:03,S. P. Balasubrahmanyam,Sundari,210001
338,2023-02-21 11:15,Tech Panda,Dilbar,32447
339,2023-02-21 11:18,Tech Panda,Dillagi,73527
340,2023-03-01 01:50,Andrea Jeremiah,"Whos the Hero (From ""Manmadan Ambu"")",56535
341,2023-03-10 04:58,Anirudh Ravichander,I'm Waiting - Background Score,76000
342,2023-03-10 04:59,Anirudh Ravichander,JD Badass Theme - Background Score,5705
343,2023-03-10 05:00,Anirudh Ravichander,I'm Waiting - Background Score,72181
344,2023-03-12 01:38,Anirudh Ravichander,Vaathi Kabbadi - Background Score,4720
345,2023-03-12 01:38,Anirudh Ravichander,Bhavani Theme - Background Score,14132
346,2023-03-12 01:38,Anirudh Ravichander,I'm Waiting - Background Score,64968
347,2023-03-12 01:39,Anirudh Ravichander,JD Intro - Background Score,80000
348,2023-03-12 01:40,Anirudh Ravichander,Master the Blaster - Background Score,8503
349,2023-03-12 01:40,Anirudh Ravichander,JD Intro - Background Score,1107
350,2023-04-15 02:31,Ayushmann Khurrana,Pani Da Rang - Male Vocals,179280
351,2023-04-15 02:32,Rochak Kohli,Saadi Galli Aaja,53047
352,2023-04-19 07:47,Shankar Mahadevan,Shiv Tandav Stotram,10312
353,2023-04-19 07:47,S. P. Balasubrahmanyam,Viswanadhastakam,3744
354,2023-04-19 07:51,S. P. Balasubrahmanyam,Viswanadhastakam,232571
355,2023-04-19 08:45,S. P. Balasubrahmanyam,Viswanadhastakam,1000
356,2023-04-19 08:46,S. P. Balasubrahmanyam,Viswanadhastakam,11458
357,2023-04-19 08:48,S. P. Balasubrahmanyam,Lingastakam,94822
358,2023-04-19 09:11,Ramu,Chandrasekara Ashtakam,528845
359,2023-04-19 09:19,Ramu,Sivashtakam,4114
360,2023-04-19 09:19,Ramu,Chandrasekara Ashtakam,53802
361,2023-04-19 09:32,Ramu,Vishwanadha Ashtakam,323489
362,2023-04-19 09:43,Ramu,Lingashtakam,197760
363,2023-04-19 09:55,Ramu,Bilwashtakam,113290
364,2023-04-19 10:03,Ramu,Lingashtakam,14274
365,2023-04-19 10:07,Ramu,Vishwanadha Ashtakam,215739
366,2023-04-19 10:16,S. P. Balasubrahmanyam,Kalabairavastakam,149414
367,2023-04-19 10:16,S. P. Balasubrahmanyam,Kalabairavastakam,19911
368,2023-04-19 10:17,S. P. Balasubrahmanyam,Shivashtakam,61607
369,2023-04-19 10:18,Chennai Sisters,Namo Venkatesa Namo Thirumalesa,10412
370,2023-04-19 10:18,Ramu,Sri Govinda Namavali,7400
371,2023-04-19 10:18,S. P. Balasubrahmanyam,Samba Sadasiva,33100
372,2023-04-19 10:25,Parupalli Sri Ranganath,Govinda Naamalu,68310
373,2023-04-19 10:27,Ramu,Sri Govinda Namavali,86572
374,2023-04-19 10:38,M. S. Subbulakshmi,Sri Venkatesa Suprabhatham,249228
375,2023-04-19 10:38,M. S. Subbulakshmi,Vishnu Sahasranamam,9133
376,2023-04-19 10:39,G Gayathri Devi,Shree Vishnu Dhyanam,19073
377,2023-04-19 10:39,G Gayathri Devi,Shree Hari Stotram,37877
378,2023-04-19 10:40,G Gayathri Devi,Vishnu Stotram,43318
379,2023-04-19 10:41,Pandit Pratap Chandra Tripathy,Sri Jagannath Ashtakam,27175
380,2023-04-19 10:41,Anuradha Paudwal,Shri Jagannath Rakshamantra,1304
381,2023-04-19 10:41,Divakar Subramaniam,Shri Jagannath Stotram,3668
382,2023-04-19 10:41,Namita Agrawal,Shree Jagannathnka Sohala Naama,1784
383,2023-04-19 10:41,Namita Agrawal,Sri Jagannath Sahasranama,20569
384,2023-04-19 10:42,Anuradha Paudwal,Shri Jagannath Rakshamantra,60003
385,2023-04-20 04:39,Ramu,Chandrasekara Ashtakam,3534
386,2023-04-20 04:39,Ramu,Chandrasekara Ashtakam,318133
387,2023-04-20 04:44,Ramu,Vishwanadha Ashtakam,230720
388,2023-04-20 04:47,Ramu,Vishwanadha Ashtakam,50271
389,2023-04-20 06:29,Ramu,Vishwanadha Ashtakam,8522
390,2023-04-20 06:46,Ramu,Chandrasekara Ashtakam,374160
391,2023-04-22 08:48,Ram Sampath,"Bhaag D.K. Bose, Aandhi Aayi",241304
392,2023-04-22 08:53,Ram Sampath,"Bhaag D.K. Bose, Aandhi Aayi",241304
393,2023-04-22 10:49,Amitabh Bachchan,Piddly Si Batain,313042
394,2023-04-22 11:03,Amitabh Bachchan,Piddly Si Batain,155526
395,2023-04-22 11:06,Sajid-Wajid,Shambho Shiv Shambho,145070
396,2023-04-22 11:07,Shankar Mahadevan,Shambo Siva Shambo,61185
397,2023-04-22 11:08,Sundar C. Babu,Sambo Siva Sambo,30004
398,2023-04-25 12:40,Ankit Tiwari,Vintunnava Nestham,99497
399,2023-04-25 12:41,Arijit Singh,Pranama Na Pranama,30335
400,2023-04-25 12:46,KK,Kanabadunaa,179240
401,2023-04-25 12:53,Shankar-Ehsaan-Loy,Mitwa,378576
402,2023-04-27 03:59,KK,Kanabadunaa,59154
403,2023-04-30 04:40,Mahesh Babu,Businessman Theme,167240
404,2023-04-30 04:43,Mahesh Babu,Businessman Theme,167240
405,2023-04-30 04:46,Mahesh Babu,Businessman Theme,167240
406,2023-04-30 04:49,Mahesh Babu,Businessman Theme,167240
407,2023-05-02 04:02,A.R. Rahman,Adhareeni,150001
408,2023-05-02 08:26,A.R. Rahman,Adhareeni,190653
409,2023-05-02 08:30,A.R. Rahman,Kodu Poatta,273773
410,2023-05-02 08:44,A.R. Rahman,Kodu Poatta,83684
411,2023-05-02 09:18,A.R. Rahman,Kodu Poatta,60002
412,2023-05-03 05:26,A.R. Rahman,Adhareeni,275853
413,2023-05-05 14:37,Mohammed Irfan,Phir Mohabbat,120001
414,2023-05-08 11:17,Vishal-Shekhar,Jabardast Fan - Bhojpuri Version,5837
415,2023-05-08 11:17,MANOJ TIWARI,Jiya Tu,7182
416,2023-05-08 11:17,MANOJ TIWARI,Bhojpuriya Don,228754
417,2023-05-08 11:23,MANOJ TIWARI,Jiya Tu,319932
418,2023-05-11 07:26,Mani Sharma,Sunday Monday,7903
419,2023-05-11 07:26,Mani Sharma,Sunday Monday,341
420,2023-05-11 07:26,Mani Sharma,Makathika,1607
421,2023-05-11 07:26,Mani Sharma,Sada Siva,248847
422,2023-05-18 07:30,Chiranjeevi,Chaila Chaila,365280
423,2023-05-18 07:31,Adnan Sami,Ye Jilla,5540
424,2023-05-18 07:32,Shankar Mahadevan,Sande Poddu,81383
425,2023-05-18 07:35,Devi Sri Prasad,O Bapu Nuvve,159732
426,2023-05-18 07:35,Mano,Shankerdada M.B.B.S,1519
427,2023-05-18 07:41,Chiranjeevi,Chaila Chaila,334391
428,2023-05-18 09:09,S. P. Balasubrahmanyam,Ithu Oru Ponmalai,258906
429,2023-05-18 09:18,S. P. Balasubrahmanyam,Ithu Oru Ponmalai,258906
430,2023-05-20 04:41,Punit Singh,Yahan Koi Nahi,102948
431,2023-05-20 04:45,Rahgir,Aadmi Chutiya Hai,224040
432,2023-05-22 11:29,Ilaiyaraaja,Aye Zindagi Gale Lagaa Le,166864
433,2023-05-22 11:33,Ilaiyaraaja,"Ae Zindagi Gale Laga Le - Take, 1",171119
434,2023-05-22 11:36,Ilaiyaraaja,"Ae Zindagi Gale Laga Le - Take, 1",171119
435,2023-05-22 11:39,Ilaiyaraaja,"Ae Zindagi Gale Laga Le - Take, 1",171119
436,2023-05-22 11:42,Ilaiyaraaja,"Ae Zindagi Gale Laga Le - Take, 1",171119
437,2023-05-22 11:45,Ilaiyaraaja,"Ae Zindagi Gale Laga Le - Take, 1",171119
438,2023-05-22 11:47,Ilaiyaraaja,"Ae Zindagi Gale Laga Le - Take, 1",171119
439,2023-05-22 11:48,Ilaiyaraaja,"Ae Zindagi Gale Laga Le - Take, 1",8078
440,2023-05-22 14:33,Akon,Lonely,62266
441,2023-05-22 14:33,FIFTY FIFTY,Cupid - Twin Ver.,30001
442,2023-05-23 13:03,JAWNY,Honeypie,135581
443,2023-05-29 07:30,Mission ISRO with Harsha Bhogle,Saare Jahan se Accha,0
444,2023-05-29 10:28,Himesh Reshammiya,"Baby Tujhe Paap Lagega (From ""Zara Hatke Zara Bachke"")",171744
445,2023-05-29 10:37,Sachin-Jigar,"Phir Aur Kya Chahiye (From ""Zara Hatke Zara Bachke"")",90002
446,2023-06-05 07:31,Binni Krishnakumar,Raa Raa,326426
447,2023-06-14 14:33,Lumber,Kangna Tera Ni,157458
448,2023-06-16 07:01,Mika Singh,Saawan Mein Lag Gayee Aag,180028
449,2023-06-17 04:52,Shakira,"Whenever, Wherever",196160
450,2023-06-19 03:02,Riar Saab,Obsessed,36680
451,2023-06-19 13:11,Badshah,Sanak,115636
452,2023-06-19 13:21,Badshah,Sanak,7755
453,2023-06-19 13:34,Badshah,Sanak,1001
454,2023-06-21 04:04,Badshah,Sanak,84824
455,2023-06-22 12:32,Rahul Deo,Phir Se Chamke Tim Tim Taare,3925
456,2023-06-22 12:32,Kunal Ganjawala,O Mohini O Kamini,5185
457,2023-06-22 12:35,Shankar Mahadevan,Dashavatar,219440
458,2023-06-25 13:48,Shakira,"Whenever, Wherever",60004
459,2023-06-26 04:41,Shakira,"Whenever, Wherever",117170
460,2023-06-26 04:44,Sean Kingston,Eenie Meenie - Radio Version,139511
461,2023-06-26 06:42,Wadali Brothers,Tu Mane Ya Na Mane,322223
462,2023-07-03 12:45,S. P. Balasubrahmanyam,Sajaa Hai Bhojnalay,60004
463,2023-07-04 17:30,Madan Mohan,Kaise Kategi Zindagi Tere Bagair,207327
464,2023-07-05 11:09,Ilaiyaraaja,Sangathil Padatha,109886
465,2023-07-05 11:12,S. P. Balasubrahmanyam,Mandram Vandha,177812
466,2023-07-05 11:13,S. P. Balasubrahmanyam,Kalyaana Maalai,7091
467,2023-07-05 11:29,K. J. Yesudas,Kanne Kalaimaane,225605
468,2023-07-05 12:41,Ilaiyaraaja,Sangathil Padatha,30006
469,2023-07-06 08:58,Ilaiyaraaja,Sangathil Padatha,54038
470,2023-07-06 09:02,Bharath Sankar,"Vannarapettayila (From ""Maaveeran"")",150005
471,2023-07-11 04:55,Ilaiyaraaja,Sangathil Padatha,30011
472,2023-07-11 06:10,Bharath Sankar,"Vannarapettayila (From ""Maaveeran"")",11433
473,2023-07-11 06:40,Bharath Sankar,"Vannarapettayila (From ""Maaveeran"")",119585
474,2023-07-11 06:43,N.R. Raghunanthan,Edhukku Machan,81473
475,2023-07-11 10:14,"Ilaiyaraaja,Ramya NSK,Vandhana Srinivasan",Unakkum Enakkum,74020
476,2023-07-12 11:30,Mohit Chauhan,Rang Lageya,212499
477,2023-07-12 11:31,N.R. Raghunanthan,Edhukku Machan,44116
478,2023-07-13 05:56,Mohit Chauhan,Rang Lageya,156825
479,2023-07-13 06:15,Hesham Abdul Wahab,"Aradhya (From ""Kushi"") (Hindi)",173678
480,2023-07-13 11:26,Hesham Abdul Wahab,"Aradhya (From ""Kushi"") (Hindi)",180604
481,2023-07-14 07:30,Hesham Abdul Wahab,"Aradhya (From ""Kushi"") (Hindi)",263093
482,2023-07-15 06:34,Kishore Kumar,Yeh Kya Hua,90002
483,2023-07-15 07:01,Kishore Kumar,Yeh Kya Hua,62833
484,2023-07-18 04:57,Hesham Abdul Wahab,"Aradhya (From ""Kushi"") (Hindi)",105899
485,2023-07-18 15:49,Shafqat Amanat Ali,Raske Bhare Tore Naina,189618
486,2023-07-23 14:03,Suresh Wadkar,Haathon Ki Chand Lakeeron Ka,85418
487,2023-07-24 06:48,Bharath Sankar,"Vannarapettayila (From ""Maaveeran"")",146963
488,2023-07-24 06:57,Suresh Wadkar,Haathon Ki Chand Lakeeron Ka,240017
489,2023-07-28 07:16,Chithra Priya,Unakkum Enakkum,158130
490,2023-07-28 07:42,Chithra Priya,Unakkum Enakkum,171647
491,2023-08-01 08:02,KK,Ye Mera Jaha,212050
492,2023-08-03 11:50,Anirudh Ravichander,Rise of Veera,116613
493,2023-08-03 11:53,Anirudh Ravichander,Veeraraghavan,104594
494,2023-08-03 11:54,Anirudh Ravichander,Yen Pecha Naane Kekkamaaten,56110
495,2023-08-03 12:05,Anirudh Ravichander,The Raw Agent,96833
496,2023-08-07 09:22,Filmy Nerdy Podcasts,"Lights, Camera, Lumière: The Birth of Cinema",10932
497,2023-08-07 09:22,Filmy Nerdy Podcasts,Welcome to the Filmy Nerdy Podcasts,1021
498,2023-08-09 04:31,Alice Merton,No Roots,89405
499,2023-08-09 04:33,Dr. Dre,The Next Episode,836
500,2023-08-09 04:33,Bilal Saeed,Adi Adi Raat,83227
501,2023-08-10 07:53,Alice Merton,No Roots,235813
502,2023-08-10 08:11,Alice Merton,No Roots,180591
503,2023-08-10 13:10,Alice Merton,No Roots,443238
504,2023-08-10 13:13,Alice Merton,No Roots,174202
505,2023-08-10 13:16,Alice Merton,No Roots,144754
506,2023-08-11 04:37,Alice Merton,No Roots,230741
507,2023-08-11 04:41,Boney M.,Rasputin,166873
508,2023-08-11 04:48,Boney M.,Rasputin - Club Mix,230135
509,2023-08-11 11:20,Alice Merton,No Roots,75715
510,2023-08-14 05:18,Alice Merton,No Roots,234199
511,2023-08-14 05:20,Jakes Bejoy,"Kalapakkaara (From ""King of Kotha"")",125035
512,2023-08-16 10:18,Binni Krishnakumar,Raa Raa,60001
513,2023-08-17 15:31,Tippu,Kokku Para Para,3294
514,2023-08-17 15:32,Zubeen Garg,Ya Ali,45931
515,2023-08-17 15:35,James,Bheegi Bheegi,138466
516,2023-08-17 15:35,Abhijeet,Lamha Lamha,21892
517,2023-08-17 15:40,Binni Krishnakumar,Raa Raa,313939
518,2023-08-17 15:42,Asha Bhosle,Konjam Neram,12105
519,2023-08-17 15:42,KK,Annanoda Paatu,112503
520,2023-08-17 15:48,Binni Krishnakumar,Raa Raa,316068
521,2023-08-18 05:33,Binni Krishnakumar,Raa Raa,27614
522,2023-08-18 05:34,Nithyasree Mahadevan,Varam Nan Unai,90276
523,2023-08-18 05:34,M. M. Keeravani,"Swagathaanjali (From ""Chandramukhi 2"")",10028
524,2023-08-18 05:40,Binni Krishnakumar,Raa Raa,318621
525,2023-08-18 06:02,Binni Krishnakumar,Raa Raa,53310
526,2023-08-18 06:11,Binni Krishnakumar,Raa Raa,4620
527,2023-08-18 06:11,KK,Annanoda Paatu,5285
528,2023-08-18 06:17,Binni Krishnakumar,Raa Raa,314275
529,2023-08-20 15:15,Alice Merton,No Roots,210863
530,2023-08-21 06:45,Rabbi Shergill,Tere Bin,198578
531,2023-08-21 12:11,AP Dhillon,Excuses,2854
532,2023-08-21 12:14,AP Dhillon,With You,154554
533,2023-08-21 12:16,AP Dhillon,Dil Nu,60009
534,2023-08-24 08:37,Alice Merton,No Roots,366418
535,2023-08-24 08:51,Alice Merton,No Roots,235612
536,2023-09-03 13:03,Thaman S,"Hungry Cheetah (From ""They Call Him OG (Hindi)"")",211064
537,2023-09-03 13:37,Thaman S,"Hungry Cheetah (From ""They Call Him OG (Hindi)"")",121108
538,2023-09-03 13:44,Thaman S,"Hungry Cheetah (From ""They Call Him OG (Hindi)"")",233557
539,2023-09-03 13:45,Thaman S,"Hungry Cheetah (From ""They Call Him OG (Hindi)"")",93185
540,2023-09-03 13:56,Thaman S,"Hungry Cheetah (From ""They Call Him OG (Hindi)"")",25867
541,2023-09-03 13:58,Thaman S,"Hungry Cheetah (From ""They Call Him OG (Hindi)"")",119052
542,2023-09-03 14:01,Thaman S,"Hungry Cheetah (From ""They Call Him OG (Hindi)"")",119052
543,2023-09-03 14:03,Thaman S,"Hungry Cheetah (From ""They Call Him OG (Hindi)"")",119052
544,2023-09-03 14:05,Thaman S,"Hungry Cheetah (From ""They Call Him OG (Hindi)"")",119052
545,2023-09-03 14:06,Thaman S,"Hungry Cheetah (From ""They Call Him OG (Hindi)"")",97873
546,2023-09-03 14:09,Thaman S,"Hungry Cheetah (From ""They Call Him OG (Hindi)"")",21180
547,2023-09-03 14:12,Thaman S,"Hungry Cheetah (From ""They Call Him OG (Hindi)"")",90399
548,2023-09-04 05:36,Thaman S,"Hungry Cheetah (From ""They Call Him OG (Hindi)"")",119052
549,2023-09-04 05:38,Thaman S,"Hungry Cheetah (From ""They Call Him OG (Hindi)"")",119052
550,2023-09-04 05:40,Thaman S,"Hungry Cheetah (From ""They Call Him OG (Hindi)"")",119052
551,2023-09-04 06:04,Thaman S,"Hungry Cheetah (From ""They Call Him OG (Hindi)"")",119052
552,2023-09-04 06:06,Thaman S,"Hungry Cheetah (From ""They Call Him OG (Hindi)"")",98578
553,2023-09-05 05:05,Anirudh Ravichander,Ailasa Ailasa,142129
554,2023-09-05 10:24,Bharath Sankar,Maaveeran Theme,130363
555,2023-09-05 10:26,Bharath Sankar,Maaveeran Theme,125387
556,2023-09-05 10:28,Bharath Sankar,Vaa Veera,120953
557,2023-09-05 10:30,Bharath Sankar,Maaveeran Theme,127009
558,2023-09-07 04:36,Call,Laaree Chootee,210002
559,2023-09-11 04:11,Sanjay Leela Bhansali,Jab Saiyaan,247784
560,2023-09-11 04:12,Sanjay Leela Bhansali,Shikayat,8421
561,2023-09-11 04:16,Sanjay Leela Bhansali,Jab Saiyaan,247784
562,2023-09-11 04:22,Sanjay Leela Bhansali,Jab Saiyaan,247784
563,2023-09-11 04:29,Sanjay Leela Bhansali,Jab Saiyaan,247784
564,2023-09-11 04:34,Sanjay Leela Bhansali,Jab Saiyaan,30993
565,2023-09-11 04:34,Sanjay Leela Bhansali,Shikayat,19321
566,2023-09-11 04:38,Shreya Ghoshal,Jab Saiyaan,245209
567,2023-09-12 03:28,Shreya Ghoshal,Jab Saiyaan,247784
568,2023-09-12 03:34,Shreya Ghoshal,Jab Saiyaan,247784
569,2023-09-12 03:44,Shreya Ghoshal,Jab Saiyaan,1555
570,2023-09-14 09:55,Coolio,Gangsta's Paradise,240693
571,2023-09-18 09:10,Anirudh Ravichander,Jawan Title Track,185529
572,2023-09-18 09:12,Anirudh Ravichander,Jawan Prevue Theme,2453
573,2023-09-18 09:12,Anirudh Ravichander,Jawan Prevue Theme,127215
574,2023-09-18 09:15,Anirudh Ravichander,Jawan Title Track,185610
575,2023-09-18 09:20,Anirudh Ravichander,Jawan Title Track,2492
576,2023-09-18 09:23,Anirudh Ravichander,Jawan Title Track,188102
577,2023-09-18 09:27,Anirudh Ravichander,Jawan Title Track,188102
578,2023-09-18 09:33,Anirudh Ravichander,Jawan Title Track,188102
579,2023-09-18 09:34,Anirudh Ravichander,Jawan Title Track,90189
580,2023-09-18 09:51,Anirudh Ravichander,"Vandha Edam (From ""Jawan"")",252800
581,2023-09-18 09:54,Anirudh Ravichander,Jawan Prevue Theme,1001
582,2023-09-18 09:54,Anirudh Ravichander,Jawan Prevue Theme,4548
583,2023-09-18 10:02,Anirudh Ravichander,Hukum - Thalaivar Alappara,175238
584,2023-09-18 10:05,Anirudh Ravichander,Jujubee,160147
585,2023-09-18 12:27,Bharath Sankar,Maaveeran Theme,130363
586,2023-09-18 12:29,Bharath Sankar,Maaveeran Theme,130363
587,2023-09-18 12:46,Bharath Sankar,Maaveeran Theme,126458
588,2023-09-21 08:01,Anirudh Ravichander,Jawan Title Track,188102
589,2023-09-21 08:04,Anirudh Ravichander,Jawan Title Track,188102
590,2023-09-21 08:08,Anirudh Ravichander,Jawan Title Track,188102
591,2023-09-21 08:20,Anirudh Ravichander,Jawan Title Track,33111
592,2023-09-21 08:45,Anirudh Ravichander,Jawan Title Track,188102
593,2023-09-21 08:48,Anirudh Ravichander,Jawan Title Track,188102
594,2023-09-21 08:51,Anirudh Ravichander,Jawan Title Track,183775
595,2023-09-21 09:15,Anirudh Ravichander,Jawan Title Track,4328
596,2023-09-21 09:28,Anirudh Ravichander,Jawan Title Track,186724
597,2023-09-21 09:54,Anirudh Ravichander,Jawan Title Track,1428
598,2023-09-21 09:57,Anirudh Ravichander,Jawan Title Track,188102
599,2023-09-21 09:58,Anirudh Ravichander,Jawan Title Track,88032
600,2023-09-21 10:00,Anirudh Ravichander,Jawan Prevue Theme,127215
601,2023-09-21 10:14,Anirudh Ravichander,Jawan Prevue Theme,127215
602,2023-09-21 10:16,Anirudh Ravichander,Jawan Prevue Theme,127215
603,2023-09-21 10:18,Anirudh Ravichander,Jawan Prevue Theme,127215
604,2023-09-21 10:20,Anirudh Ravichander,Jawan Prevue Theme,127215
605,2023-09-21 10:23,Anirudh Ravichander,Jawan Prevue Theme,35781
606,2023-09-21 10:23,Anirudh Ravichander,Jawan Prevue Theme,127215
607,2023-09-21 12:50,Ram Sampath,"Bhaag D.K. Bose, Aandhi Aayi",241304
608,2023-09-21 12:54,Ram Sampath,"Bhaag D.K. Bose, Aandhi Aayi",239096
609,2023-09-22 03:58,Suresh Wadkar,Haathon Ki Chand Lakeeron Ka,159757
610,2023-09-22 03:59,Udit Narayan,Saat Samundar Paar - Male,72078
611,2023-09-22 04:00,Amit Kumar,Dil Le Gayi Teri Bindiya,45129
612,2023-09-22 04:06,Amit Kumar,Dil Le Gayi Teri Bindiya - 1991,181501
613,2023-09-22 04:13,Binni Krishnakumar,Raa Raa,326426
614,2023-09-22 04:18,Binni Krishnakumar,Raa Raa,300067
615,2023-09-22 05:13,Mohit Chauhan,Dooriyan,335049
616,2023-09-22 05:15,Rahat Fateh Ali Khan,Ajj Din Chadheya,102318
617,2023-09-22 05:19,Pritam,Yeh Dooriyan,219976
618,2023-09-22 05:24,Mohit Chauhan,Dooriyan,300001
619,2023-09-22 05:48,Karthik,Naa Pere Kanchanamaala,318846
620,2023-09-22 05:49,Chiranjeevi,Chaila Chaila,46577
621,2023-09-22 05:55,Kamal Haasan,Alwarpetyai Aaluda,321854
622,2023-09-22 06:10,Kamal Haasan,Alwarpetyai Aaluda,231156
623,2023-09-22 07:40,N.R. Raghunanthan,Edhukku Machan,47804
624,2023-09-22 09:54,Anirudh Ravichander,Chaleya,113927
625,2023-09-22 10:56,Prabh Singh,9:45,117606
626,2023-09-22 10:57,Prabh Singh,9:45,72974
627,2023-09-22 10:59,Riar Saab,Obsessed,76566
628,2023-09-22 11:01,Pradeep Kumar,Life Of Ram,120008
629,2023-09-22 13:07,Anirudh Ravichander,"Natpu (From ""RRR"")",278188
630,2023-09-22 13:11,Anirudh Ravichander,Jawan Title Track,188102
631,2023-09-22 13:13,Anirudh Ravichander,Jawan Title Track,125038
632,2023-09-22 13:21,Anirudh Ravichander,"Vandha Edam (From ""Jawan"")",247413
633,2023-09-22 13:24,Anirudh Ravichander,Jawan Prevue Theme,123336
634,2023-09-23 09:12,Malaysia Vasudevan,Panju Mittai..,134189
635,2023-09-23 09:17,Yuvan Shankar Raja,Panjaa,214741
636,2023-09-23 09:21,Yuvan Shankar Raja,Panjaa,214741
637,2023-09-23 09:25,Yuvan Shankar Raja,Panjaa,214741
638,2023-09-23 09:38,Yuvan Shankar Raja,Panjaa,189691
639,2023-09-24 01:24,Thaman S,"Hungry Cheetah (From ""They Call Him OG"")",119052
640,2023-09-24 01:26,Thaman S,"Hungry Cheetah (From ""They Call Him OG"")",119052
641,2023-09-24 01:28,Thaman S,"Hungry Cheetah (From ""They Call Him OG"")",116857
642,2023-09-24 01:32,Yuvan Shankar Raja,Panjaa,214741
643,2023-09-24 01:35,Yuvan Shankar Raja,Panjaa,102767
644,2023-09-24 01:38,Harris Jayaraj,Yennai Arindhaal,173569
645,2023-09-24 01:42,Harris Jayaraj,"His Name is John (From ""Dhruva Natchathiram"")",230741
646,2023-09-24 01:57,Harris Jayaraj,"His Name is John (From ""Dhruva Natchathiram"")",404487
647,2023-09-24 01:59,Harris Jayaraj,"His Name is John (From ""Dhruva Natchathiram"")",102099
648,2023-09-25 03:25,Hemachandra Vedala,"Bommali (From ""Billa"")",294493
649,2023-09-25 03:28,Mani Sharma,"Solluda Siva (From ""Bedurulanka 2012"")",200000
650,2023-09-25 03:28,Mani Sharma,"Solluda Siva (From ""Bedurulanka 2012"")",622
651,2023-09-25 04:24,Rajesh Murugesan,Pistah,146933
652,2023-09-25 05:02,Rajesh Murugesan,Pistah,13214
653,2023-09-25 05:02,Rajesh Murugesan,Pistah,146933
654,2023-09-25 05:11,Santhosh Narayanan,Aag Hun Main,185884
655,2023-09-25 05:12,Malaysia Vasudevan,Panju Mittai..,78362
656,2023-09-25 05:13,G. V. Prakash,World of Mark Antony,7004
657,2023-09-25 05:13,G. V. Prakash,Karuppana Saamy,53641
658,2023-09-25 05:19,Thaman S,"Hungry Cheetah (From ""They Call Him OG (Hindi)"")",99082
659,2023-09-25 05:24,Thaman S,"Hungry Cheetah (From ""They Call Him OG"")",72283
660,2023-09-25 05:28,Kapil Kapilan,Neela Nilave,253000
661,2023-09-25 05:44,Kapil Kapilan,Neela Nilave,301800
662,2023-09-25 06:15,Kapil Kapilan,Neela Nilave,337888
663,2023-09-25 06:18,Thaman S,God Father Title Song,163860
664,2023-09-25 06:20,Blaaze,Blast Baby,96324
665,2023-09-25 07:19,Hariharan,Kallaimattum Kandal,101076
666,2023-09-25 07:23,Himesh Reshammiya,Rayini Maatram,163793
667,2023-09-25 10:52,S. P. Balasubrahmanyam,Jabilli Kosam-Male,178651
668,2023-09-25 10:53,S. P. Balasubrahmanyam,Mate Rani,24090
669,2023-09-25 10:55,S. P. Balasubrahmanyam,Premaledani,4536
670,2023-09-25 10:55,S. P. Balasubrahmanyam,Penmai Konda,113169
671,2023-09-25 10:58,S. P. Balasubrahmanyam,Prema Entha,171433
672,2023-09-25 12:12,Hemachandra Vedala,"Bommali (From ""Billa"")",270285
673,2023-09-25 12:16,Kapil Kapilan,Neela Nilave,240039
674,2023-09-25 12:48,Kapil Kapilan,Neela Nilave,256446
675,2023-09-25 12:51,Kapil Kapilan,Neela Nilave,179066
676,2023-09-25 12:54,Thaman S,Bulbu Vaangittaen Machan,133140
677,2023-09-25 12:56,Thaman S,"Hungry Cheetah (From ""They Call Him OG"")",119052
678,2023-09-25 12:59,Thaman S,"Hungry Cheetah (From ""They Call Him OG"")",119052
679,2023-09-25 13:00,Thaman S,"Hungry Cheetah (From ""They Call Him OG"")",19368
680,2023-09-25 14:31,S. P. Balasubrahmanyam,Ithu Oru Ponmalai,10360
681,2023-09-25 15:39,S. P. Balasubrahmanyam,Ithu Oru Ponmalai,159333
682,2023-09-25 15:39,G. V. Prakash,Ayyayo,29643
683,2023-09-25 15:41,S. P. Balasubrahmanyam,Penmai Konda,84667
684,2023-09-25 15:42,S. P. Balasubrahmanyam,Kathalikkum Penin Kaikal,76915
685,2023-09-25 15:54,S. P. Balasubrahmanyam,Premika Ne Pyar Se,75800
686,2023-09-26 02:31,S. P. Balasubrahmanyam,Prema Entha,39393
687,2023-09-26 03:46,Binni Krishnakumar,Raa Raa,317744
688,2023-09-26 04:32,Divya Kumar,Deba He,240000
689,2023-09-26 06:16,Mano,Muqabala Muqabala,244238
690,2023-09-26 11:29,Kapil Kapilan,Neela Nilave,205014
691,2023-09-26 13:01,Binni Krishnakumar,Raa Raa,326426
692,2023-09-26 13:13,Binni Krishnakumar,Raa Raa,317624
693,2023-09-26 13:17,Jakes Bejoy,"Kalapakkaara (From ""King of Kotha"")",249217
694,2023-09-27 07:49,Amit Trivedi,Keh Ke Lunga,13194
695,2023-09-27 09:55,Yuvan Shankar Raja,Vilayaadu Mankatha,166492
696,2023-09-27 10:05,Harris Jayaraj,Mazhai Vara Pogudhae,282859
697,2023-09-27 10:06,A.R. Rahman,Urvashi Uravashi,54523
698,2023-09-27 10:08,A.R. Rahman,Urvashi Urvashi,125567
699,2023-09-27 10:16,Mano,Muqabala Muqabala,413588
700,2023-09-27 10:20,Mano,Muqabala Muqabala,186102
701,2023-09-27 10:25,Hemachandra Vedala,"Bommali (From ""Billa"")",315163
702,2023-09-27 10:30,Hemachandra Vedala,"Bommali (From ""Billa"")",315163
703,2023-09-27 10:37,Hemachandra Vedala,"Bommali (From ""Billa"")",315163
704,2023-09-27 10:41,Hemachandra Vedala,"Bommali (From ""Billa"")",255074
705,2023-09-27 10:54,Hemachandra Vedala,"Bommali (From ""Billa"")",332781
706,2023-09-27 10:55,Hemachandra Vedala,"Bommali (From ""Billa"")",0
707,2023-09-27 10:57,Mani Sharma,Solluda Siva,91348
708,2023-09-27 11:09,Mani Sharma,Laahe Laahe,132632
709,2023-09-27 12:52,Blaaze,Blast Baby,218571
710,2023-09-27 12:52,Blaaze,Blast Baby,0
711,2023-09-27 12:59,Mano,Muqabala Muqabala,311893
712,2023-09-27 13:04,S. P. Balasubrahmanyam,Ranga Ranga,265389
713,2023-09-27 14:38,S. P. Balasubrahmanyam,Mate Rani,260717
714,2023-09-27 14:47,S. P. Balasubrahmanyam,Mannil Indha,114209
715,2023-09-27 14:51,S. P. Balasubrahmanyam,Mate Rani,124559
716,2023-09-28 03:35,A.R. Rahman,Namma Satham,215489
717,2023-09-28 03:36,A.R. Rahman,Namma Satham,100027
718,2023-09-28 03:40,A.R. Rahman,Raawadi,191107
719,2023-09-28 03:51,A.R. Rahman,Raawadi,99013
720,2023-09-28 05:27,S. P. Balasubrahmanyam,Mate Rani,32336
721,2023-09-28 05:35,Shankar-Ehsaan-Loy,Kajra Re,482586
722,2023-09-28 13:05,Shankar-Ehsaan-Loy,Kajra Re,439705
723,2023-09-29 03:30,S. P. Balasubrahmanyam,Naa Autokaran Autokaran,139138
724,2023-09-29 03:36,Udit Narayan,Maya Maya,5866
725,2023-09-29 03:36,Udit Narayan,Maya Maya,347692
726,2023-09-29 04:11,S. P. Balasubrahmanyam,Baba Neeku Mokkutha,143719
727,2023-09-29 04:19,Harris Jayaraj,Yamma Yamma,366506
728,2023-09-29 04:31,Harris Jayaraj,Yamma Yamma,366506
729,2023-09-29 04:45,Harris Jayaraj,Yamma Yamma,552813
730,2023-09-29 05:03,Harris Jayaraj,Yamma Yamma,405715
731,2023-09-29 07:47,Mano,Muqabala Muqabala,320386
732,2023-09-29 07:49,Thaman S,"Nee Chuttu Chuttu (From ""Skanda"") (Telugu)",127689
733,2023-09-29 07:52,Hemachandra Vedala,"Bommali (From ""Billa"")",162026
734,2023-09-29 08:58,Hemachandra Vedala,"Bommali (From ""Billa"")",19536
735,2023-09-29 13:07,Sukhwinder Singh,Phir Dhan Te Nan,0
736,2023-09-29 13:13,Jyoti Nooran,Ek Aur Dhan Te Nan,286151
737,2023-09-29 13:16,Vishal Dadlani,Awaara Dogs,124958
738,2023-09-29 13:19,Jyoti Nooran,Ek Aur Dhan Te Nan,158510
739,2023-09-30 04:53,Harris Jayaraj,Yamma Yamma,366506
740,2023-09-30 04:59,Harris Jayaraj,Yamma Yamma,366506
741,2023-09-30 05:22,Harris Jayaraj,Yamma Yamma,100946
742,2023-10-03 04:42,Thaman S,Skanda Teaser Theme,54334
743,2023-10-03 04:43,Thaman S,Skanda Teaser Theme,54334
744,2023-10-03 04:50,Thaman S,Skanda Teaser Theme,54334
745,2023-10-03 04:50,Thaman S,Skanda Teaser Theme,1795
746,2023-10-03 13:09,Thaman S,Skanda Teaser Theme,54334
747,2023-10-03 13:23,Thaman S,Skanda Teaser Theme,52726
748,2023-10-06 04:46,Kapil Kapilan,Neela Nilave,31700
749,2023-10-06 04:46,Kapil Kapilan,Neela Nilave,253000
750,2023-10-06 04:47,Chithra Priya,Unakkum Enakkum,61152
751,2023-10-06 06:20,Chithra Priya,Unakkum Enakkum,10591
752,2023-10-06 07:08,Chithra Priya,Unakkum Enakkum,1001
753,2023-10-06 07:08,Chithra Priya,Unakkum Enakkum,7887
754,2023-10-06 13:29,Thaman S,Skanda Teaser Theme,54334
755,2023-10-06 13:30,Thaman S,Skanda Teaser Theme,28247
756,2023-10-08 15:05,Thaman S,"Hungry Cheetah (From ""They Call Him OG"")",119052
757,2023-10-08 15:07,Thaman S,"Hungry Cheetah (From ""They Call Him OG"")",119052
758,2023-10-08 15:09,Thaman S,"Hungry Cheetah (From ""They Call Him OG"")",119052
759,2023-10-08 15:11,Thaman S,"Hungry Cheetah (From ""They Call Him OG"")",119052
760,2023-10-08 15:23,Thaman S,"Hungry Cheetah (From ""They Call Him OG"")",102381
761,2023-10-09 03:32,Anirudh Ravichander,"Naa Ready (From ""Leo"")",248181
762,2023-10-09 03:52,Anirudh Ravichander,"Naa Ready (From ""Leo"")",189678
763,2023-10-09 04:26,Anirudh Ravichander,"Naa Ready (From ""Leo"")",58688
764,2023-10-09 04:28,Anirudh Ravichander,"Naa Ready (From ""Leo"")",98281
765,2023-10-09 04:38,Anirudh Ravichander,"Naa Ready (From ""Leo"")",3352
766,2023-10-10 09:37,Shaan,Tere Naina Maar Hi Daalenge,210001
767,2023-10-10 09:56,Shaan,Tere Naina Maar Hi Daalenge,40669
768,2023-10-10 10:00,Salman Khan,Jumme Ki Raat (Remix By Kiran Kamath),19740
769,2023-10-10 10:15,Salman Khan,Jumme Ki Raat (Remix By Kiran Kamath),8774
770,2023-10-10 12:22,Salman Khan,Jumme Ki Raat (Remix By Kiran Kamath),21835
771,2023-10-10 12:23,S. P. Balasubrahmanyam,Adiye Manam Nilluna,40390
772,2023-10-10 12:34,Malaysia Vasudevan,Panju Mittai..,90009
773,2023-10-10 12:35,Malaysia Vasudevan,Panju Mittai..,2585
774,2023-10-10 12:47,Malaysia Vasudevan,Panju Mittai..,6160
775,2023-10-11 04:25,G. V. Prakash,"Adharadha - From ""Mark Antony""",0
776,2023-10-11 04:26,G. V. Prakash,"I Love You Di - From ""Mark Antony""",2089
777,2023-10-11 04:26,S. P. Balasubrahmanyam,Varudhu Varudhu Ada Vilagu,2390
778,2023-10-11 04:26,S. P. Balasubrahmanyam,Adiye Manam Nilluna,1913
779,2023-10-11 04:26,G. V. Prakash,"Amma Ennum Mandhiramey - From ""Mark Antony""",2456
780,2023-10-11 04:26,Karthik Mano,Cadbury Penne,6597
781,2023-12-03 10:06,Karthik,Oru Maalai,62279
782,2023-12-04 11:14,Karthik,Oru Maalai,118413
783,2023-12-04 11:15,Karthik,Oru Maalai,17674
784,2023-12-04 11:15,Unknown Artist,Unknown Track,17781
785,2023-12-04 11:15,Yuvan Shankar Raja,Machi Open the Bottle,1422
786,2023-12-04 11:15,Unknown Artist,Unknown Track,24575
787,2023-12-04 11:15,Unknown Artist,Unknown Track,0
788,2023-12-04 11:16,Shreya Ghoshal,Jab Saiyaan,986
789,2023-12-04 11:16,Unknown Artist,Unknown Track,3112
790,2023-12-04 11:16,Unknown Artist,Unknown Track,0
791,2023-12-04 11:16,Unknown Artist,Unknown Track,23915
792,2023-12-04 11:16,Anirudh Ravichander,Jawan Title Track,1169
793,2023-12-04 11:16,Unknown Artist,Unknown Track,3282
794,2023-12-04 11:16,Alice Merton,No Roots,1894
795,2023-12-04 11:34,Harris Jayaraj,Ava Enna,191040
796,2023-12-04 12:39,Harris Jayaraj,"His Name is John (From ""Dhruva Natchathiram"")",203
797,2023-12-04 12:39,Harris Jayaraj,Ava Enna,30680
798,2023-12-04 12:43,Harris Jayaraj,His Name is John,229247
799,2023-12-04 13:02,Harris Jayaraj,His Name is John,199092
800,2023-12-05 04:13,Karthik,Oru Maalai,147567
801,2023-12-05 04:14,Karthik,Oru Maalai,1002
802,2023-12-05 04:14,Unknown Artist,Unknown Track,5967
803,2023-12-05 04:14,Unknown Artist,Unknown Track,5393
804,2023-12-05 04:14,Anirudh Ravichander,Jawan Title Track,1231
805,2023-12-05 04:14,Chandralekha Annupamaa,Rahathulla,2703
806,2023-12-05 04:15,Karthik,Oru Maalai,3616
807,2023-12-05 04:15,Shreya Ghoshal,Jab Saiyaan,32
808,2023-12-05 04:15,Yuvan Shankar Raja,Machi Open the Bottle,494
809,2023-12-05 04:15,Unknown Artist,Unknown Track,0
810,2023-12-05 04:15,Unknown Artist,Unknown Track,1029
811,2023-12-05 04:15,Unknown Artist,Unknown Track,6404
812,2023-12-05 04:15,Alice Merton,No Roots,1651
813,2023-12-05 04:37,Karthik,Oru Maalai,354240
814,2023-12-05 04:38,Karthik,Oru Maalai,41512
815,2023-12-05 04:38,Anirudh Ravichander,"Badass (From ""Leo"")",12283
816,2023-12-05 04:53,Santhosh Narayanan,Ding Dong,403088
817,2023-12-05 04:54,Santhosh Narayanan,Maamadura,90935
818,2023-12-05 04:58,Santhosh Narayanan,Ding Dong,234209
819,2023-12-05 05:02,Santhosh Narayanan,Ding Dong,234209
